user_id,workspace_id,name,email,person_email,signup_date,last_login_date
usr_vy4j0suy0,ws_uinfxnncf,Emma Lee,emma.lee@pulse.com,emma.lee@pulse.com,2025-02-06,2025-02-06
usr_swg40dl7y,ws_3rhpxme04,David Rodriguez,david.rodriguez@keen.com,david.rodriguez@keen.com,2025-01-23,2025-02-02
usr_zdt0dm4ra,ws_agbr91ogh,David Garcia,david.garcia@flux.com,david.garcia@flux.com,2025-02-06,2025-02-06
usr_o684jnkgl,ws_kyq5cfiov,Ava Zhang,ava.zhang@cosmic.com,ava.zhang@cosmic.com,2025-02-09,2025-02-11
usr_v4vtgwnjw,ws_bjr321rz6,Anna Jones,anna.jones@unity.com,anna.jones@unity.com,2024-12-02,2025-01-27
usr_fr3lqimzl,ws_2y37gs11s,Michael Wang,michael.wang@wave.com,michael.wang@wave.com,2025-01-03,2025-01-08
usr_q1alpc74y,ws_2y37gs11s,Maya Zhang,maya.zhang@wave.com,maya.zhang@wave.com,2024-11-25,2025-01-28
usr_epbi2ramm,ws_e7u5hlmti,Chris Kumar,chris.kumar@helix.com,chris.kumar@helix.com,2024-11-08,2025-01-14
usr_0eblstqhw,ws_frd4y7nmh,Zoe Martinez,zoe.martinez@glow.com,zoe.martinez@glow.com,2024-10-31,2024-11-29
usr_grqg1w56t,ws_l3zzyo2i6,Dan Smith,dan.smith@echo.com,dan.smith@echo.com,2024-11-06,2025-01-03
usr_noeomt86x,ws_l3zzyo2i6,Ava Williams,ava.williams@echo.com,ava.williams@echo.com,2024-12-13,2025-02-06
usr_v8d2gcthp,ws_w5fd4ycv3,Raj Chen,raj.chen@riot.com,raj.chen@riot.com,2024-12-24,2025-02-11
usr_v41h2lv94,ws_w5fd4ycv3,Maya Brown,maya.brown@riot.com,maya.brown@riot.com,2025-01-21,2025-01-30
usr_az4hccp3u,ws_w5fd4ycv3,Emma Kim,emma.kim@riot.com,emma.kim@riot.com,2024-12-25,2025-01-03
usr_ay6go4pbc,ws_lj5htaxch,Anna Garcia,anna.garcia@drift.com,anna.garcia@drift.com,2024-11-15,2024-12-25
usr_o0c5v2w8m,ws_lj5htaxch,Chris Wang,chris.wang@drift.com,chris.wang@drift.com,2024-11-24,2025-02-05
usr_4ltxxofrr,ws_lj5htaxch,Alex Rodriguez,alex.rodriguez@drift.com,alex.rodriguez@drift.com,2024-10-13,2024-12-22
usr_b88v2f2ij,ws_9ytduc1nq,Raj Brown,raj.brown@nova.com,raj.brown@nova.com,2024-12-08,2024-12-12
usr_i38tbyt06,ws_47ak6fxh3,Ava Williams,ava.williams@accel.com,ava.williams@accel.com,2024-12-29,2025-01-31
usr_00r1vhrbh,ws_47ak6fxh3,Maya Kumar,maya.kumar@accel.com,maya.kumar@accel.com,2025-01-21,2025-01-26
usr_r2cofw6yj,ws_47ak6fxh3,Maya Kim,maya.kim@accel.com,maya.kim@accel.com,2024-12-29,2025-01-18
usr_1xfl0ytpx,ws_46sk9hy4h,James Kumar,james.kumar@drift.com,james.kumar@drift.com,2024-11-12,2025-01-22
usr_ndqvabnwv,ws_46sk9hy4h,Raj Rodriguez,raj.rodriguez@drift.com,raj.rodriguez@drift.com,2024-10-19,2024-12-11
usr_j3ykuvhi0,ws_1iwhdtp54,Tom Smith,tom.smith@lunar.com,tom.smith@lunar.com,2024-10-23,2025-02-01
usr_1qln53nm3,ws_6aggl780l,Sofia Miller,sofia.miller@yield.com,sofia.miller@yield.com,2025-01-08,2025-02-08
usr_2ad430iq3,ws_6aggl780l,James Li,james.li@yield.com,james.li@yield.com,2024-08-30,2024-11-02
usr_qfeom5le4,ws_e2y7tn9mj,Ava Kumar,ava.kumar@glow.com,ava.kumar@glow.com,2024-10-17,2024-12-12
usr_ec7rtcec5,ws_e2y7tn9mj,Nina Chen,nina.chen@glow.com,nina.chen@glow.com,2025-01-19,2025-01-31
usr_0rbf7ozf3,ws_e2y7tn9mj,Anna Kumar,anna.kumar@glow.com,anna.kumar@glow.com,2024-12-17,2025-01-29
usr_y2ub8v6dh,ws_x3rb99z7k,Anna Johnson,anna.johnson@bolt.com,anna.johnson@bolt.com,2024-11-03,2024-11-23
usr_n4ydz6abc,ws_x3rb99z7k,Alex Singh,alex.singh@bolt.com,alex.singh@bolt.com,2024-11-01,2025-01-24
usr_sdgtmgnis,ws_eqgz7ax2o,David Johnson,david.johnson@bolt.com,david.johnson@bolt.com,2024-12-05,2025-02-10
usr_h3xhusaof,ws_eqgz7ax2o,Anna Li,anna.li@bolt.com,anna.li@bolt.com,2024-12-28,2024-12-31
usr_ft7r2u1fw,ws_eqgz7ax2o,Michael Zhang,michael.zhang@bolt.com,michael.zhang@bolt.com,2024-12-11,2025-02-06
usr_fs90tyqhz,ws_nyzcsvjna,Tom Singh,tom.singh@wave.com,tom.singh@wave.com,2024-11-05,2025-02-02
usr_3f2x1lk2j,ws_nyzcsvjna,Dan Rodriguez,dan.rodriguez@wave.com,dan.rodriguez@wave.com,2024-12-15,2024-12-17
usr_3s9ogfsbo,ws_nyzcsvjna,Anna Kumar,anna.kumar@wave.com,anna.kumar@wave.com,2024-12-05,2025-02-11
usr_vw4n2kt1y,ws_os4bq8tjl,David Li,david.li@quest.com,david.li@quest.com,2025-02-09,2025-02-09
usr_36scs5bui,ws_os4bq8tjl,Zoe Martinez,zoe.martinez@quest.com,zoe.martinez@quest.com,2024-09-23,2024-12-06
usr_v0o8eefed,ws_52mhxs56j,Dan Martinez,dan.martinez@lunar.com,dan.martinez@lunar.com,2025-02-05,2025-02-08
usr_h7zohuqk6,ws_52mhxs56j,Emma Rodriguez,emma.rodriguez@lunar.com,emma.rodriguez@lunar.com,2025-01-01,2025-01-22
usr_0voeubgq2,ws_z1z0f1k3w,Dan Wang,dan.wang@bolt.com,dan.wang@bolt.com,2024-08-16,2025-01-28
usr_gxpcbzb0c,ws_717bzay1s,Sarah Jones,sarah.jones@nova.com,sarah.jones@nova.com,2025-01-09,2025-01-14
usr_8l5ekm9e9,ws_ov6i2up1w,David Singh,david.singh@orbit.com,david.singh@orbit.com,2024-09-06,2024-10-05
usr_l12yimdb9,ws_ov6i2up1w,James Kim,james.kim@orbit.com,james.kim@orbit.com,2024-08-10,2024-12-02
usr_v429bk49w,ws_t7syiupzm,Ava Davis,ava.davis@jolt.com,ava.davis@jolt.com,2024-11-20,2024-11-25
usr_snir9s9qu,ws_t7syiupzm,Emma Patel,emma.patel@jolt.com,emma.patel@jolt.com,2024-12-25,2025-01-08
usr_jxiwc8reb,ws_t7syiupzm,Nina Johnson,nina.johnson@jolt.com,nina.johnson@jolt.com,2024-12-23,2025-02-01
usr_l7amkz98v,ws_4e0otr5nv,Anna Singh,anna.singh@helix.com,anna.singh@helix.com,2024-12-24,2024-12-24
usr_aree389ip,ws_4e0otr5nv,Alex Martinez,alex.martinez@helix.com,alex.martinez@helix.com,2024-09-19,2025-01-22
usr_qkv9z9prw,ws_4e0otr5nv,Dan Lee,dan.lee@helix.com,dan.lee@helix.com,2024-11-26,2025-01-03
usr_0tik99zsv,ws_gmy545ops,Raj Zhang,raj.zhang@lunar.com,raj.zhang@lunar.com,2025-02-10,2025-02-10
usr_ccjxzu2zj,ws_gmy545ops,Michael Lee,michael.lee@lunar.com,michael.lee@lunar.com,2024-05-13,2024-10-24
usr_puezmuvin,ws_gfj7s1izy,James Li,james.li@terra.com,james.li@terra.com,2024-08-26,2025-01-11
usr_7ypqpxy8u,ws_gfj7s1izy,Maria Smith,maria.smith@terra.com,maria.smith@terra.com,2024-07-07,2024-10-20
usr_1czckvnhc,ws_gfj7s1izy,Sarah Garcia,sarah.garcia@terra.com,sarah.garcia@terra.com,2025-02-04,2025-02-04
usr_2crq557zs,ws_qonxnig87,Maria Shah,maria.shah@glow.com,maria.shah@glow.com,2024-09-30,2024-12-24
usr_kp5idvwjx,ws_qonxnig87,Lisa Li,lisa.li@glow.com,lisa.li@glow.com,2024-11-14,2025-02-06
usr_efbf6zazj,ws_qonxnig87,Anna Martinez,anna.martinez@glow.com,anna.martinez@glow.com,2024-03-15,2024-04-11
usr_yepexvrr9,ws_zi3m6fa2k,Nina Kumar,nina.kumar@flux.com,nina.kumar@flux.com,2024-12-31,2025-01-17
usr_mlp290zy2,ws_zi3m6fa2k,Alex Smith,alex.smith@flux.com,alex.smith@flux.com,2024-03-12,2024-09-23
usr_8dxwtg3lk,ws_zi3m6fa2k,Ava Chen,ava.chen@flux.com,ava.chen@flux.com,2024-08-20,2024-08-26
usr_4lcum7lnw,ws_ksl95auil,Alex Jones,alex.jones@echo.com,alex.jones@echo.com,2024-09-22,2024-10-21
usr_n70sjdmr3,ws_ksl95auil,Ava Patel,ava.patel@echo.com,ava.patel@echo.com,2024-07-23,2024-08-11
usr_xlm4nil7y,ws_ksl95auil,Chris Martinez,chris.martinez@echo.com,chris.martinez@echo.com,2024-12-16,2025-01-19
usr_2ly3zqhnw,ws_fb2nbu8os,Tom Kumar,tom.kumar@xenon.com,tom.kumar@xenon.com,2024-08-18,2025-01-02
usr_0zf6q3iif,ws_fb2nbu8os,Sam Davis,sam.davis@xenon.com,sam.davis@xenon.com,2025-01-31,2025-02-03
usr_h44daz2jj,ws_al93iezwl,Sam Davis,sam.davis@riot.com,sam.davis@riot.com,2024-03-21,2025-01-21
usr_zpc1kopl1,ws_al93iezwl,James Rodriguez,james.rodriguez@riot.com,james.rodriguez@riot.com,2025-01-25,2025-02-09
usr_vn92a06rw,ws_al93iezwl,Dan Brown,dan.brown@riot.com,dan.brown@riot.com,2024-08-14,2024-12-04
usr_o11e1l9es,ws_xa9g416no,Emma Zhang,emma.zhang@echo.com,emma.zhang@echo.com,2024-05-25,2024-06-10
usr_d2cx49678,ws_87awqd6hj,Michael Johnson,michael.johnson@accel.com,michael.johnson@accel.com,2024-03-01,2024-10-09
usr_7v7mqm3bk,ws_c7g4n5iuk,James Singh,james.singh@keen.com,james.singh@keen.com,2025-01-30,2025-01-30
usr_a90un30e5,ws_c7g4n5iuk,Ava Jones,ava.jones@keen.com,ava.jones@keen.com,2024-03-27,2024-06-24
usr_ku9l151jc,ws_nl2xr2n0v,James Shah,james.shah@sage.com,james.shah@sage.com,2024-06-30,2024-08-29
usr_ia0gfk4v2,ws_nl2xr2n0v,Sofia Patel,sofia.patel@sage.com,sofia.patel@sage.com,2024-01-31,2024-07-17
usr_o273k37po,ws_fq5s5laox,Raj Shah,raj.shah@zoom.com,raj.shah@zoom.com,2024-06-12,2025-01-08
usr_iyn2s1o9b,ws_22lww9ury,Chris Patel,chris.patel@volt.com,chris.patel@volt.com,2024-09-21,2024-12-13
usr_vsldifbnd,ws_22lww9ury,Chris Davis,chris.davis@volt.com,chris.davis@volt.com,2024-12-16,2024-12-22
usr_cbwuj5t4j,ws_22lww9ury,Maria Garcia,maria.garcia@volt.com,maria.garcia@volt.com,2025-02-06,2025-02-11
usr_dzi9fzkl6,ws_r9dcb85fj,Michael Wang,michael.wang@bolt.com,michael.wang@bolt.com,2024-03-11,2024-03-26
usr_3ibgl8vbq,ws_r9dcb85fj,Sarah Davis,sarah.davis@bolt.com,sarah.davis@bolt.com,2024-01-17,2024-10-09
usr_23yeelbgt,ws_r9dcb85fj,John Chen,john.chen@bolt.com,john.chen@bolt.com,2025-01-09,2025-01-09
usr_5mp4rablx,ws_pnakdjcsu,John Li,john.li@iris.com,john.li@iris.com,2024-09-24,2025-01-20
usr_1906s1lxw,ws_z3wv6006k,David Wang,david.wang@xenon.com,david.wang@xenon.com,2024-04-25,2024-11-18
usr_9h6tvm71o,ws_rgwc6l4dv,Anna Johnson,anna.johnson@unity.com,anna.johnson@unity.com,2024-08-10,2024-08-18
usr_yfnsmohmy,ws_oq3f2q1e9,Ava Jones,ava.jones@jolt.com,ava.jones@jolt.com,2024-05-12,2024-07-26
usr_cc5ykkiza,ws_nu8kquhwj,Maria Lee,maria.lee@iris.com,maria.lee@iris.com,2024-09-11,2024-11-16
usr_0tkszzct6,ws_nu8kquhwj,Maya Singh,maya.singh@iris.com,maya.singh@iris.com,2024-10-28,2024-11-06
usr_7pqp4u25f,ws_gpbj21rk2,James Patel,james.patel@terra.com,james.patel@terra.com,2024-01-26,2024-12-12
usr_wkok5j0a2,ws_gpbj21rk2,Lisa Davis,lisa.davis@terra.com,lisa.davis@terra.com,2024-07-17,2024-10-16
usr_igc05s24n,ws_gpbj21rk2,Anna Wang,anna.wang@terra.com,anna.wang@terra.com,2024-08-15,2024-11-08
usr_zhgkn3k0c,ws_hfsgpoeey,Michael Martinez,michael.martinez@nova.com,michael.martinez@nova.com,2024-01-25,2024-09-27
usr_mrikqegme,ws_hfsgpoeey,Lisa Wang,lisa.wang@nova.com,lisa.wang@nova.com,2024-02-25,2024-08-29
usr_sbttegkew,ws_hfsgpoeey,Zoe Jones,zoe.jones@nova.com,zoe.jones@nova.com,2024-06-03,2024-12-22
usr_wveow4mx3,ws_8c6m1v2ds,Nina Singh,nina.singh@mist.com,nina.singh@mist.com,2024-04-26,2025-01-23
usr_el4ir4p4l,ws_8c6m1v2ds,Sofia Lee,sofia.lee@mist.com,sofia.lee@mist.com,2025-01-29,2025-02-02
usr_vryi3zc3b,ws_8c6m1v2ds,Maya Singh,maya.singh@mist.com,maya.singh@mist.com,2023-12-04,2024-02-10
usr_io2pazz7d,ws_7qjju3qf2,Zoe Lee,zoe.lee@yield.com,zoe.lee@yield.com,2024-06-01,2024-09-06
usr_z3uappqdl,ws_7qjju3qf2,Maria Johnson,maria.johnson@yield.com,maria.johnson@yield.com,2024-02-10,2024-06-15
usr_44jzz3g6q,ws_7qjju3qf2,John Lee,john.lee@yield.com,john.lee@yield.com,2024-01-08,2024-02-12
usr_jw4y3w27f,ws_1lolor8to,Michael Williams,michael.williams@nova.com,michael.williams@nova.com,2024-11-04,2025-01-22
usr_wwn7tpkbk,ws_1lolor8to,John Zhang,john.zhang@nova.com,john.zhang@nova.com,2024-09-20,2024-12-20
usr_vhain170w,ws_1x8x7lht3,Alex Wang,alex.wang@keen.com,alex.wang@keen.com,2023-12-28,2024-10-07
usr_nhv1squ0t,ws_pf6d2vaop,Michael Rodriguez,michael.rodriguez@drift.com,michael.rodriguez@drift.com,2024-11-15,2025-01-17
usr_fxwxfnk0u,ws_tz55k5h8d,Michael Lee,michael.lee@helix.com,michael.lee@helix.com,2023-10-16,2024-10-27
usr_66e66vxlw,ws_tz55k5h8d,Tom Davis,tom.davis@helix.com,tom.davis@helix.com,2024-08-04,2024-08-09
usr_8pr48ycps,ws_q5a6pa4pd,Ava Martinez,ava.martinez@orbit.com,ava.martinez@orbit.com,2024-07-10,2024-10-29
usr_l2s92vlo1,ws_q5a6pa4pd,Emma Patel,emma.patel@orbit.com,emma.patel@orbit.com,2025-01-10,2025-02-05
usr_y95hlrkca,ws_po6nle5y6,Dan Johnson,dan.johnson@cosmic.com,dan.johnson@cosmic.com,2024-11-13,2024-12-23
usr_d2dcjtz4j,ws_po6nle5y6,David Wang,david.wang@cosmic.com,david.wang@cosmic.com,2023-08-04,2024-08-18
usr_cl197uqgs,ws_qjuf6cx2f,Chris Williams,chris.williams@unity.com,chris.williams@unity.com,2024-09-17,2025-01-26
usr_6edljlf9h,ws_u5a7j1832,Anna Zhang,anna.zhang@helix.com,anna.zhang@helix.com,2024-10-13,2024-10-27
usr_0o7f8y1g5,ws_u5a7j1832,Lisa Chen,lisa.chen@helix.com,lisa.chen@helix.com,2023-09-02,2024-02-02
usr_a76hc4o55,ws_u5a7j1832,James Brown,james.brown@helix.com,james.brown@helix.com,2024-01-31,2024-02-20
usr_d5pe589bi,ws_e3fsepruk,Tom Davis,tom.davis@jolt.com,tom.davis@jolt.com,2023-09-09,2025-01-03
usr_m9e6p7d7d,ws_0suagvdun,Emma Kumar,emma.kumar@pulse.com,emma.kumar@pulse.com,2024-11-30,2024-12-07
usr_chht9zk44,ws_3jzk8j81n,Ava Williams,ava.williams@pulse.com,ava.williams@pulse.com,2024-02-20,2024-02-23
usr_8264hgh3a,ws_3jzk8j81n,Maria Kim,maria.kim@pulse.com,maria.kim@pulse.com,2023-08-06,2024-06-08
usr_nborfrzsd,ws_3jzk8j81n,Emma Singh,emma.singh@pulse.com,emma.singh@pulse.com,2023-07-30,2024-05-20
usr_lsvy9tble,ws_hqqvu94kq,Tom Lee,tom.lee@wave.com,tom.lee@wave.com,2024-03-26,2024-04-04
usr_mb5bfyvo6,ws_guhv9uu9m,Raj Smith,raj.smith@sage.com,raj.smith@sage.com,2023-06-09,2024-11-04
usr_6py12i76g,ws_guhv9uu9m,John Wang,john.wang@sage.com,john.wang@sage.com,2024-08-19,2024-11-30
usr_u4jovhxb5,ws_j25ff1nl8,Dan Johnson,dan.johnson@iris.com,dan.johnson@iris.com,2024-08-26,2024-12-12
usr_3i7tsbsug,ws_j25ff1nl8,Michael Shah,michael.shah@iris.com,michael.shah@iris.com,2024-07-28,2024-12-26
usr_61usdng2i,ws_1qyvt0umb,Maya Williams,maya.williams@iris.com,maya.williams@iris.com,2024-11-21,2024-12-21
usr_q8octd05i,ws_1qyvt0umb,Zoe Johnson,zoe.johnson@iris.com,zoe.johnson@iris.com,2024-06-12,2025-01-12
usr_7wdm58q70,ws_02d53q6hn,Maya Johnson,maya.johnson@orbit.com,maya.johnson@orbit.com,2025-02-06,2025-02-06
usr_oiq58yeqm,ws_st3t79n0d,Chris Lee,chris.lee@wave.com,chris.lee@wave.com,2024-04-29,2024-10-15
usr_xsg6krjy4,ws_5iogdq4d0,Sam Williams,sam.williams@yield.com,sam.williams@yield.com,2023-12-31,2024-12-01
usr_0ii3tx8xz,ws_hxpv3atsw,Zoe Johnson,zoe.johnson@riot.com,zoe.johnson@riot.com,2024-07-07,2024-08-31
usr_6uvoztu6q,ws_hxpv3atsw,Anna Johnson,anna.johnson@riot.com,anna.johnson@riot.com,2024-11-20,2024-12-15
usr_5yvhziemj,ws_4a94b9cf9,Anna Martinez,anna.martinez@orbit.com,anna.martinez@orbit.com,2024-03-13,2024-12-11
usr_9z8azuiuc,ws_4a94b9cf9,Maya Martinez,maya.martinez@orbit.com,maya.martinez@orbit.com,2023-07-25,2023-08-15
usr_0vrwh98yy,ws_4a94b9cf9,Emma Lee,emma.lee@orbit.com,emma.lee@orbit.com,2023-05-12,2023-10-08
usr_oxsggkbl3,ws_knc6fs6pn,Lisa Singh,lisa.singh@wave.com,lisa.singh@wave.com,2023-05-26,2023-06-14
usr_qfmxcowus,ws_n36fz1xxi,Maria Chen,maria.chen@mist.com,maria.chen@mist.com,2024-02-28,2024-10-25
usr_eetireql6,ws_n36fz1xxi,Raj Wang,raj.wang@mist.com,raj.wang@mist.com,2024-12-22,2025-01-11
usr_58p9d8o2c,ws_n36fz1xxi,Raj Garcia,raj.garcia@mist.com,raj.garcia@mist.com,2023-10-31,2024-12-09
usr_ua8h8ssq9,ws_1iqg588vn,Nina Johnson,nina.johnson@iris.com,nina.johnson@iris.com,2024-06-17,2024-09-23
usr_0235zti2o,ws_z7qg0sbhe,Nina Shah,nina.shah@volt.com,nina.shah@volt.com,2024-09-21,2024-11-29
usr_wjgboyak1,ws_z7qg0sbhe,Michael Zhang,michael.zhang@volt.com,michael.zhang@volt.com,2024-05-06,2024-12-03